pfaf_id,area_km2,ISO,Admin0,Admin1,rfr_score,cfr_score
"142988",1786.09328262,GIN,Guinea,Faranah,3.393107734,0
"142989",3767.45127975,GIN,Guinea,Faranah,4.021168929,0
"145750",21590.2366942,LBR,Liberia,Gbapolu,4.108778664,0
"145760",19693.4568582,SLE,Sierra Leone,Eastern,4.019346379,0
"145771",309.747151573,SLE,Sierra Leone,Southern,4.141115999,0
"145772",18580.3261169,SLE,Sierra Leone,Southern,4.000077686,0
"145773",26781.6272117,SLE,Sierra Leone,Northern,4.002718072,1.500713095
"145774",18669.5197898,SLE,Sierra Leone,Northern,4.058641379,0
"145775",13945.1318575,GIN,Guinea,Kindia,4.012774055,3.14247856
